Company,Link
1849-bio,https://x.com/1849bio
1stcollab,https://twitter.com/ycombinator
abundant,https://x.com/abundant_labs
activepieces,https://mobile.twitter.com/mabuaboud
acx,https://twitter.com/ycombinator
adri-ai,https://twitter.com/darshitac_
affil-ai,https://twitter.com/ycombinator
agave,https://twitter.com/moyicat
aglide,https://twitter.com/pdmcguckian
ai-2,https://twitter.com/the_yuppy
ai-sell,https://x.com/liuzjerry
airtrain-ai,https://twitter.com/neutralino1
aisdr,https://twitter.com/YuriyZaremba
alex,https://x.com/DanielEdrisian
alga-biosciences,https://twitter.com/algabiosciences
alguna,https://twitter.com/aleks_djekic
alixia,https://twitter.com/ycombinator
aminoanalytica,https://x.com/lilwuuzivert
anara,https://twitter.com/naveedjanmo
andi,https://twitter.com/MiamiAngela
andoria,https://x.com/dbudimane
andromeda-surgical,https://twitter.com/nickdamian0
anglera,https://twitter.com/ycombinator
angstrom-ai,https://twitter.com/JaviAC7
ankr-health,https://twitter.com/Ankr_us
apoxy,https://twitter.com/ycombinator
apten,https://twitter.com/dho1357
aragorn-ai,https://twitter.com/ycombinator
arc-2,https://twitter.com/DarkMirage
archilabs,https://twitter.com/ycombinator
arcimus,https://twitter.com/husseinsyed73
argovox,https://www.argovox.com/
artemis-search,https://twitter.com/ycombinator
artie,https://x.com/JacquelineSYC19
asklio,https://twitter.com/butterflock
atlas-2,https://twitter.com/jobryan
attain,https://twitter.com/aamir_hudda
autocomputer,https://twitter.com/madhavsinghal_
automat,https://twitter.com/lucas0choa
automorphic,https://twitter.com/sandkoan
autopallet-robotics,https://twitter.com/ycombinator
autumn-labs,https://twitter.com/ycombinator
aviary,https://twitter.com/ycombinator
azuki,https://twitter.com/VamptVo
banabo,https://twitter.com/ycombinator
baseline-ai,https://twitter.com/ycombinator
baserun,https://twitter.com/effyyzhang
benchify,https://www.x.com/maxvonhippel
berry,https://twitter.com/annchanyt
bifrost,https://twitter.com/0xMysterious
bifrost-orbital,https://x.com/ionkarbatra
biggerpicture,https://twitter.com/ycombinator
biocartesian,https://twitter.com/ycombinator
bland-ai,https://twitter.com/zaygranet
blast,https://x.com/useblast
blaze,https://twitter.com/larfy_rothwell
bluebirds,https://twitter.com/RohanPunamia
bluedot,https://twitter.com/selinayfilizp
bluehill-payments,https://twitter.com/HimanshuMinocha
blyss,https://twitter.com/blyssdev
bolto,https://twitter.com/mrinalsingh02?lang=en
botcity,https://twitter.com/lorhancaproni
boundo,https://twitter.com/ycombinator
bramble,https://x.com/meksikanpijha
bricksai,https://twitter.com/ycombinator
broccoli-ai,https://twitter.com/abhishekjain25
bronco-ai,https://twitter.com/dluozhang
bunting-labs,https://twitter.com/normconstant
byterat,https://twitter.com/penelopekjones_
callback,https://twitter.com/ycombinator
cambio-2,https://twitter.com/ycombinator
camfer,https://x.com/AryaBastani
campfire-2,https://twitter.com/ycombinator
campfire-applied-ai-company,https://twitter.com/siamakfr
candid,https://x.com/kesavkosana
canvas,https://x.com/essamsleiman
capsule,https://twitter.com/kelsey_pedersen
cardinal,http://twitter.com/nadavwiz
cardinal-gray,https://twitter.com/ycombinator
cargo,https://twitter.com/aureeaubert
cartage,https://twitter.com/ycombinator
cashmere,https://twitter.com/shashankbuilds
cedalio,https://twitter.com/LucianaReznik
cekura-2,https://x.com/tarush_agarwal_
central,https://twitter.com/nilaymod
champ,https://twitter.com/ycombinator
cheers,https://twitter.com/ycombinator
chequpi,https://twitter.com/sudshekhar02
chima,https://twitter.com/nikharanirghin
cinapse,https://www.twitter.com/hgphillipsiv
ciro,https://twitter.com/davidjwiner
clara,https://x.com/levinsonjon
cleancard,https://twitter.com/_tom_dot_com
clearspace,https://twitter.com/rbfasho
cobbery,https://twitter.com/Dan_The_Goodman
codeviz,https://x.com/liam_prev
coil-inc,https://twitter.com/ycombinator
coldreach,https://twitter.com/ycombinator
combinehealth,https://twitter.com/ycombinator
comfy-deploy,https://twitter.com/nicholaskkao
complete,https://twitter.com/ranimavram
conductor-quantum,https://twitter.com/BrandonSeverin
conduit,https://twitter.com/ycombinator
continue,https://twitter.com/tylerjdunn
contour,https://twitter.com/ycombinator
coperniq,https://twitter.com/abdullahzandani
corgea,https://twitter.com/asadeddin
corgi,https://twitter.com/nico_laqua?lang=en
corgi-labs,https://twitter.com/ycombinator
coris,https://twitter.com/psvinodh
cosine,https://twitter.com/AlistairPullen
courtyard-io,https://twitter.com/lejeunedall
coverage-cat,https://twitter.com/coveragecats
craftos,https://twitter.com/wa3l
craniometrix,https://craniometrix.com
ctgt,https://twitter.com/cyrilgorlla
curo,https://x.com/EnergizedAndrew
dagworks-inc,https://twitter.com/dagworks
dart,https://twitter.com/milad3malek
dashdive,https://twitter.com/micahawheat
dataleap,https://twitter.com/jh_damm
decisional-ai,https://x.com/groovetandon
decoda-health,https://twitter.com/ycombinator
deepsilicon,https://x.com/abhireddy2004
delfino-ai,https://twitter.com/ycombinator
demo-gorilla,https://twitter.com/ycombinator
demospace,https://www.twitter.com/nick_fiacco
dench-com,https://www.twitter.com/markrachapoom
denormalized,https://twitter.com/IAmMattGreen
dev-tools-ai,https://twitter.com/ycombinator
diffusion-studio,https://x.com/MatthiasRuiz22
digitalcarbon,https://x.com/CtrlGuruDelete
dimely,https://x.com/UseDimely
disputeninja,https://twitter.com/legitmaxwu
diversion,https://twitter.com/sasham1
dmodel,https://twitter.com/dmooooon
doctor-droid,https://twitter.com/TheBengaluruGuy
dodo,https://x.com/dominik_moehrle
dojah-inc,https://twitter.com/ololaday
domu-technology-inc,https://twitter.com/ycombinator
dr-treat,https://twitter.com/rakeshtondon
dreamrp,https://x.com/dreamrpofficial
drivingforce,https://twitter.com/drivingforcehq
dynamo-ai,https://twitter.com/dynamo_fl
edgebit,https://twitter.com/robszumski
educato-ai,https://x.com/FelixGabler
electric-air-2,https://twitter.com/JezOsborne
ember,https://twitter.com/hsinleiwang
ember-robotics,https://twitter.com/ycombinator
emergent,https://twitter.com/mukundjha
emobi,https://twitter.com/ycombinator
entangl,https://twitter.com/Shapol_m
envelope,https://twitter.com/joshuakcockrell
et-al,https://twitter.com/ycombinator
eugit-therapeutics,http://www.eugittx.com
eventual,https://twitter.com/sammy_sidhu
evoly,https://twitter.com/ycombinator
expand-ai,https://twitter.com/timsuchanek
ezdubs,https://twitter.com/PadmanabhanKri
fabius,https://twitter.com/adayNU
fazeshift,https://twitter.com/ycombinator
felafax,https://twitter.com/ThatNithin
fetchr,https://twitter.com/CalvinnChenn
fiber-ai,https://twitter.com/AdiAgashe
ficra,https://x.com/ficra_ai
fiddlecube,https://twitter.com/nupoor_neha
finic,https://twitter.com/jfan001
finta,https://www.twitter.com/andywang
fintool,https://twitter.com/nicbstme
finvest,https://twitter.com/shivambharuka
firecrawl,https://x.com/ericciarla
firstwork,https://twitter.com/techie_Shubham
fixa,https://x.com/jonathanzliu
flair-health,https://twitter.com/adivawhocodes
fleek,https://twitter.com/ycombinator
fleetworks,https://twitter.com/ycombinator
flike,https://twitter.com/yajmch
flint-2,https://twitter.com/hungrysohan
floworks,https://twitter.com/sarthaks92
focus-buddy,https://twitter.com/yash14700/
forerunner-ai,https://x.com/willnida0
founders,https://twitter.com/ycombinator
foundry,https://x.com/FoundryAI_
freestyle,https://x.com/benswerd
fresco,https://twitter.com/ycombinator
friday,https://x.com/AllenNaliath
frigade,https://twitter.com/FrigadeHQ
futureclinic,https://twitter.com/usamasyedmd
gait,https://twitter.com/AlexYHsia
galini,https://twitter.com/ycombinator
gauge,https://twitter.com/the1024th
gecko-security,https://x.com/jjjutla
general-analysis,https://twitter.com/ycombinator
giga-ml,https://twitter.com/varunvummadi
glade,https://twitter.com/ycombinator
glass-health,https://twitter.com/dereckwpaul
goodfin,https://twitter.com/ycombinator
grai,https://twitter.com/ycombinator
greenlite,https://twitter.com/will_lawrenceTO
grey,https://www.twitter.com/kingidee
happyrobot,https://twitter.com/pablorpalafox
haystack-software,https://x.com/AkshaySubr42403
health-harbor,https://twitter.com/AlanLiu96
healthspark,https://twitter.com/stephengrinich
hedgehog-2,https://twitter.com/ycombinator
helicone,https://twitter.com/justinstorre
heroui,https://x.com/jrgarciadev
hoai,https://twitter.com/ycombinator
hockeystack,https://twitter.com/ycombinator
hokali,https://twitter.com/hokalico
homeflow,https://twitter.com/ycombinator
hubble-network,https://twitter.com/BenWild10
humand,https://twitter.com/nicolasbenenzon
humanlayer,https://twitter.com/dexhorthy
hydra,https://twitter.com/JoeSciarrino
hyperbound,https://twitter.com/sguduguntla
ideate-xyz,https://twitter.com/nomocodes
inbuild,https://twitter.com/TySharp_iB
indexical,https://twitter.com/try_nebula
industrial-next,https://twitter.com/ycombinator
infisical,https://twitter.com/matsiiako
inkeep,https://twitter.com/nickgomezc
inlet-2,https://twitter.com/inlet_ai
innkeeper,https://twitter.com/tejasybhakta
instant,https://twitter.com/JoeAverbukh
integrated-reasoning,https://twitter.com/d4r5c2
interlock,https://twitter.com/ycombinator
intryc,https://x.com/alexmarantelos?lang=en
invert,https://twitter.com/purrmin
iollo,https://twitter.com/daniel_gomari
jamble,https://twitter.com/ycombinator
joon-health,https://twitter.com/IsaacVanEaves
juicebox,https://twitter.com/davepaffenholz
julius,https://twitter.com/0interestrates
karmen,https://twitter.com/ycombinator
kenley,https://x.com/KenleyAI
keylika,https://twitter.com/buddhachaudhuri
khoj,https://twitter.com/debanjum
kite,https://twitter.com/DerekFeehrer
kivo-health,https://twitter.com/vaughnkoch
knowtex,https://twitter.com/CarolineCZhang
koala,https://twitter.com/studioseinstein?s=11
kopra-bio,https://x.com/AF_Haddad
kura,https://x.com/kura_labs
laminar,https://twitter.com/skull8888888888
lancedb,https://twitter.com/changhiskhan
latent,https://twitter.com/ycombinator
layerup,https://twitter.com/arnavbathla20
lazyeditor,https://twitter.com/jee_cash
ledgerup,https://twitter.com/josephrjohnson
lifelike,https://twitter.com/alecxiang1
lighthouz-ai,https://x.com/srijankedia
lightski,https://www.twitter.com/hansenq
ligo-biosciences,https://x.com/ArdaGoreci/status/1830744265007480934
line-build,https://twitter.com/ycombinator
lingodotdev,https://twitter.com/maxprilutskiy
linkgrep,https://twitter.com/linkgrep
linum,https://twitter.com/schopra909
livedocs,https://twitter.com/arsalanbashir
luca,https://twitter.com/LucaPricingHq
lumenary,https://twitter.com/vivekhaz
lune,https://x.com/samuelp4rk
lynx,https://twitter.com/ycombinator
magic-loops,https://twitter.com/jumploops
manaflow,https://twitter.com/austinywang
mandel-ai,https://twitter.com/shmkkr
martin,https://twitter.com/martinvoiceai
matano,https://twitter.com/AhmedSamrose
mdhub,https://twitter.com/ealamolda
mederva-health,http://twitter.com/sabihmir
medplum,https://twitter.com/ReshmaKhilnani
melty,https://x.com/charliebholtz
mem0,https://twitter.com/taranjeetio
mercator,https://www.twitter.com/ajdstein
mercoa,https://twitter.com/Sarora27
meru,https://twitter.com/rohanarora_
metalware,https://twitter.com/ryanchowww
metriport,https://twitter.com/dimagoncharov_
mica-ai,https://twitter.com/ycombinator
middleware,https://twitter.com/laduramvishnoi
midship,https://twitter.com/_kietay
mintlify,https://twitter.com/hanwangio
minusx,https://twitter.com/nuwandavek
miracle,https://twitter.com/ycombinator
miru-ml,https://twitter.com/armelwtalla
mito-health,https://twitter.com/teemingchew
mocha,https://twitter.com/nichochar
modern-realty,https://x.com/RIsanians
modulari-t,https://twitter.com/ycombinator
mogara,https://twitter.com/ycombinator
monterey-ai,https://twitter.com/chunonline
moonglow,https://twitter.com/leilavclark
moonshine,https://x.com/useMoonshine
moreta,https://twitter.com/ycombinator
mutable-ai,https://x.com/smahsramo
myria,https://twitter.com/reyflemings
nango,https://twitter.com/rguldener
nanograb,https://twitter.com/lauhoyeung
nara,https://twitter.com/join_nara
narrative,https://twitter.com/axitkhurana
nectar,https://twitter.com/AllenWang314
neosync,https://twitter.com/evisdrenova
nerve,https://x.com/fortress_build
networkocean,https://twitter.com/sammendel4
ngrow-ai,https://twitter.com/ycombinator
no-cap,https://x.com/nocapso
nowadays,https://twitter.com/ycombinator
numeral,https://www.twitter.com/mduvall_
obento-health,https://twitter.com/ycombinator
octopipe,https://twitter.com/abhishekray07
odo,https://twitter.com/ycombinator
ofone,https://twitter.com/ycombinator
onetext,http://twitter.com/jfudem
openfunnel,https://x.com/fenilsuchak
opensight,https://twitter.com/OpenSightAI
ora-ai,https://twitter.com/ryan_rl_phelps
orchid,https://twitter.com/ycombinator
origami-agents,https://x.com/fin465
outerbase,https://www.twitter.com/burcs
outerport,https://x.com/yongyuanxi
outset,https://twitter.com/AaronLCannon
overeasy,https://twitter.com/skyflylu
overlap,https://x.com/jbaerofficial
oway,https://twitter.com/owayinc
ozone,https://twitter.com/maxvwolff
pair-ai,https://twitter.com/ycombinator
palmier,https://twitter.com/ycombinator
panora,https://twitter.com/rflih_
parabolic,https://twitter.com/ycombinator
paragon-ai,https://twitter.com/ycombinator
parahelp,https://twitter.com/ankerbachryhl
parity,https://x.com/wilson_spearman
parley,https://twitter.com/ycombinator
patched,https://x.com/rohan_sood15
pearson-labs,https://twitter.com/ycombinator
pelm,https://twitter.com/ycombinator
penguin-ai,https://twitter.com/ycombinator
peoplebox,https://twitter.com/abhichugh
permitflow,https://twitter.com/ycombinator
permitportal,https://twitter.com/rgmazilu
persana-ai,https://www.twitter.com/tweetsreez
pharos,https://x.com/felix_brann
phind,https://twitter.com/michaelroyzen
phonely,https://x.com/phonely_ai
pier,https://twitter.com/ycombinator
pierre,https://twitter.com/fat
pinnacle,https://twitter.com/SeanRoades
pipeshift,https://x.com/FerraoEnrique
pivot,https://twitter.com/raimietang
planbase,https://twitter.com/ycombinator
plover-parametrics,https://twitter.com/ycombinator
plutis,https://twitter.com/kamil_m_ali
poka-labs,https://twitter.com/ycombinator
poly,https://twitter.com/Denizen_Kane
polymath-robotics,https://twitter.com/stefanesa
ponyrun,https://twitter.com/ycombinator
poplarml,https://twitter.com/dnaliu17
posh,https://twitter.com/PoshElectric
power-to-the-brand,https://twitter.com/ycombinator
primevault,https://twitter.com/prashantupd
prohostai,https://twitter.com/bilguunu
promptloop,https://twitter.com/PeterbMangan
propaya,https://x.com/PropayaOfficial
proper,https://twitter.com/kylemaloney_
proprise,https://twitter.com/kragerDev
protegee,https://x.com/kirthibanothu
pump-co,https://www.twitter.com/spndn07/
pumpkin,https://twitter.com/SamuelCrombie
pure,https://twitter.com/collectpure
pylon-2,https://x.com/marty_kausas
pyq-ai,https://twitter.com/araghuvanshi2
query-vary,https://twitter.com/DJFinetunes
rankai,https://x.com/rankai_ai
rastro,https://twitter.com/baptiste_cumin
reactwise,https://twitter.com/ycombinator
read-bean,https://twitter.com/maggieqzhang
readily,https://twitter.com/ycombinator
redouble-ai,https://twitter.com/pneumaticdill?s=21
refine,https://twitter.com/civanozseyhan
reflex,https://twitter.com/getreflex
reforged-labs,https://twitter.com/ycombinator
relace,https://twitter.com/ycombinator
relate,https://twitter.com/chrischae__
remade,https://x.com/Christos_antono
remy,https://twitter.com/ycombinator
remy-2,https://x.com/remysearch
rentflow,https://twitter.com/ycombinator
requestly,https://twitter.com/sachinjain024
resend,https://x.com/zenorocha
respaid,https://twitter.com/johnbanr
reticular,https://x.com/nithinparsan
retrofix-ai,https://twitter.com/danieldoesdev
revamp,https://twitter.com/getrevamp_ai
revyl,https://x.com/landseerenga
reworkd,https://twitter.com/asimdotshrestha
reworks,https://twitter.com/ycombinator
rift,https://twitter.com/FilipTwarowski
riskangle,https://twitter.com/ycombinator
riskcube,https://x.com/andrei_risk
rivet,https://twitter.com/nicholaskissel
riveter-ai,https://x.com/AGrillz
roame,https://x.com/timtqin
roforco,https://x.com/brain_xiang
rome,https://twitter.com/craigzLiszt
roomplays,https://twitter.com/criyaco
rosebud-biosciences,https://twitter.com/KitchenerWilson
rowboat-labs,https://twitter.com/segmenta
rubber-ducky-labs,https://twitter.com/alexandraj777
ruleset,https://twitter.com/LoganFrederick
ryvn,https://x.com/ryvnai
safetykit,https://twitter.com/ycombinator
sage-ai,https://twitter.com/akhilmurthy20
saldor,https://x.com/notblandjacob
salient,https://twitter.com/ycombinator
schemeflow,https://x.com/browninghere
sculpt,https://twitter.com/ycombinator
seals-ai,https://x.com/luismariogm
seis,https://twitter.com/TrevMcKendrick
sensei,https://twitter.com/ycombinator
sensorsurf,https://twitter.com/noahjepstein
sepal-ai,https://www.twitter.com/katqhu1
serial,https://twitter.com/Serialmfg
serif-health,https://www.twitter.com/mfrobben
serra,https://twitter.com/ycombinator
shasta-health,https://twitter.com/SrinjoyMajumdar
shekel-mobility,https://twitter.com/ShekelMobility
shortbread,https://twitter.com/ShortbreadAI
showandtell,https://twitter.com/ycombinator
sidenote,https://twitter.com/jclin22009
sieve,https://twitter.com/mokshith_v
silkchart,https://twitter.com/afakerele
simple-ai,https://twitter.com/catheryn_li
simplehash,https://twitter.com/Alex_Kilkka
simplex,https://x.com/simplexdata
simplifine,https://x.com/egekduman
sizeless,https://twitter.com/cornelius_einem
skyvern,https://x.com/itssuchintan
slingshot,https://twitter.com/ycombinator
snowpilot,https://x.com/snowpilotai
soff,https://x.com/BernhardHausle1
solum-health,https://twitter.com/ycombinator
sonnet,https://twitter.com/ycombinator
sophys,https://twitter.com/ycombinator
sorcerer,https://x.com/big_veech
soteri-skin,https://twitter.com/SoteriSkin
sphere,https://twitter.com/nrudder_
spine-ai,https://twitter.com/BudhkarAkshay
spongecake,https://twitter.com/ycombinator
spur,https://twitter.com/sneha8sivakumar
sre-ai,https://twitter.com/ycombinator
stably,https://x.com/JinjingLiang
stack-ai,https://twitter.com/bernaceituno
stellar,https://twitter.com/ycombinator
stormy-ai-autonomous-marketing-agent,https://twitter.com/karmedge/
strada,https://twitter.com/AmirProd1
stream,https://twitter.com/ycombinator
structured-labs,https://twitter.com/amruthagujjar
studdy,https://twitter.com/mike_lamma
subscriptionflow,https://twitter.com/KashifSaleemCEO
subsets,https://twitter.com/ycombinator
supercontrast,https://twitter.com/ycombinator
supertone,https://twitter.com/trysupertone
superunit,https://x.com/peter_marler
sweep,https://twitter.com/wwzeng1
syncly,https://x.com/synclyhq
synnax,https://x.com/Emilbon99
syntheticfi,https://x.com/SyntheticFi_SF
t3-chat-prev-ping-gg,https://twitter.com/t3dotgg
tableflow,https://twitter.com/mitchpatin
tai,https://twitter.com/Tragen_ai
tandem-2,https://x.com/Tandemspace
taxgpt,https://twitter.com/ChKashifAli
taylor-ai,https://twitter.com/brian_j_kim
teamout,https://twitter.com/ycombinator
tegon,https://twitter.com/harshithb4h
terminal,https://x.com/withterminal
theneo,https://twitter.com/robakid
theya,https://twitter.com/vikasch
thyme,https://twitter.com/ycombinator
tiny,https://twitter.com/ycombinator
tola,https://twitter.com/alencvisic
trainy,https://twitter.com/TrainyAI
trendex-we-tokenize-talent,https://twitter.com/ycombinator
trueplace,https://twitter.com/ycombinator
truewind,https://twitter.com/AlexLee611
trusty,https://twitter.com/trustyhomes
truva,https://twitter.com/gaurav_aggarwal
tuesday,https://twitter.com/kai_jiabo_feng
twenty,https://twitter.com/twentycrm
twine,https://twitter.com/anandvalavalkar
two-dots,https://twitter.com/HensonOrser1
typa,https://twitter.com/sounhochung
typeless,https://twitter.com/ycombinator
unbound,https://twitter.com/ycombinator
undermind,https://twitter.com/UndermindAI
unison,https://twitter.com/maxim_xyz
unlayer,https://twitter.com/adeelraza
unstatiq,https://twitter.com/NishSingaraju
unusual,https://x.com/willwjack
upfront,https://twitter.com/KnowUpfront
vaero,https://twitter.com/ycombinator
vango-ai,https://twitter.com/vango_ai
variance,https://twitter.com/karinemellata
variant,https://twitter.com/bnj
velos,https://twitter.com/OscarMHBF
velt,https://twitter.com/rakesh_goyal
vendra,https://x.com/vendraHQ
vera-health,https://x.com/_maximall
verata,https://twitter.com/ycombinator
versive,https://twitter.com/getversive
vessel,https://twitter.com/vesselapi
vibe,https://twitter.com/ycombinator
videogen,https://twitter.com/ycombinator
vigilant,https://twitter.com/BenShumaker_
vitalize-care,https://twitter.com/nikhiljdsouza
viva-labs,https://twitter.com/vishal_the_jain
vizly,https://twitter.com/vizlyhq
vly-ai-2,https://x.com/victorxheng
vocode,https://twitter.com/kianhooshmand
void,https://x.com/parel_es
voltic,https://twitter.com/ycombinator
vooma,https://twitter.com/jessebucks
wingback,https://twitter.com/tfriehe_
winter,https://twitter.com/AzianMike
wolfia,https://twitter.com/narenmano
wordware,https://twitter.com/kozerafilip
zenbase-ai,https://twitter.com/CyrusOfEden
zeropath,https://x.com/zeropathAI
